,"('Adj Close', '^SPBLPGPT')","('Close', '^SPBLPGPT')","('High', '^SPBLPGPT')","('Low', '^SPBLPGPT')","('Open', '^SPBLPGPT')","('Volume', '^SPBLPGPT')",index
1997-03-31,1673.719970703125,1673.719970703125,1679.280029296875,1670.510009765625,1675.0899658203125,0.0,
1997-04-30,1758.77001953125,1758.77001953125,1761.31005859375,1747.449951171875,1750.969970703125,0.0,
1997-05-31,2128.389892578125,2128.389892578125,2132.219970703125,2043.22998046875,2051.64990234375,0.0,
1997-06-30,2155.010009765625,2155.010009765625,2175.60009765625,2154.8701171875,2174.669921875,0.0,
1997-07-31,2052.6201171875,2052.6201171875,2103.080078125,2052.5,2101.179931640625,0.0,
1997-08-31,1974.199951171875,1974.199951171875,1978.5,1968.6600341796875,1978.5,0.0,
1997-09-30,2008.030029296875,2008.030029296875,2015.3699951171875,2002.8800048828125,2009.9000244140625,0.0,
1997-10-31,1859.1400146484375,1859.1400146484375,1868.760009765625,1837.4100341796875,1865.47998046875,0.0,
1997-11-30,1780.5400390625,1780.5400390625,1785.510009765625,1768.97998046875,1772.0699462890625,0.0,
1997-12-31,1792.7099609375,1792.7099609375,1798.0799560546875,1782.9599609375,1787.8900146484375,0.0,
1998-01-31,1624.6500244140625,1624.6500244140625,1624.6500244140625,1598.4599609375,1613.280029296875,0.0,
1998-02-28,1585.780029296875,1585.780029296875,1586.050048828125,1561.8299560546875,1563.18994140625,0.0,
1998-03-31,1705.8399658203125,1705.8399658203125,1721.3399658203125,1702.56005859375,1720.1500244140625,0.0,
1998-04-30,1889.5,1889.5,1911.75,1885.4300537109375,1891.68994140625,0.0,
1998-05-31,1815.1199951171875,1815.1199951171875,1815.1199951171875,1797.449951171875,1798.0899658203125,0.0,
1998-06-30,1641.6400146484375,1641.6400146484375,1652.22998046875,1633.719970703125,1645.219970703125,0.0,
1998-07-31,1714.739990234375,1714.739990234375,1726.97998046875,1710.22998046875,1726.8800048828125,0.0,
1998-08-31,1265.530029296875,1265.530029296875,1304.4599609375,1256.010009765625,1304.4599609375,0.0,
1998-09-30,1246.93994140625,1246.93994140625,1270.56005859375,1238.3699951171875,1269.7900390625,0.0,
1998-10-31,1231.6199951171875,1231.6199951171875,1247.1700439453125,1230.5899658203125,1238.0899658203125,0.0,
1998-11-30,1581.5899658203125,1581.5899658203125,1595.3299560546875,1567.2099609375,1574.4300537109375,0.0,
1998-12-31,1335.8800048828125,1335.8800048828125,1339.8800048828125,1330.6800537109375,1336.06005859375,0.0,
1999-01-31,1320.550048828125,1320.550048828125,1322.06005859375,1299.199951171875,1301.93994140625,0.0,
1999-02-28,1417.949951171875,1417.949951171875,1418.6600341796875,1405.3199462890625,1408.3699951171875,0.0,
1999-03-31,1470.280029296875,1470.280029296875,1478.0,1454.6500244140625,1456.530029296875,0.0,
1999-04-30,1644.2900390625,1644.2900390625,1655.1199951171875,1633.9000244140625,1633.9000244140625,0.0,
1999-05-31,1647.449951171875,1647.449951171875,1648.449951171875,1631.52001953125,1637.530029296875,0.0,
1999-06-30,1670.4100341796875,1670.4100341796875,1671.7099609375,1653.0400390625,1653.0400390625,0.0,
1999-07-31,1649.5799560546875,1649.5799560546875,1652.489990234375,1642.9599609375,1642.9599609375,0.0,
1999-08-31,1653.5999755859375,1653.5999755859375,1661.0799560546875,1646.5,1648.5400390625,0.0,
1999-09-30,1854.6199951171875,1854.6199951171875,1858.1199951171875,1846.9300537109375,1849.4599609375,0.0,
1999-10-31,1793.739990234375,1793.739990234375,1794.75,1782.8199462890625,1782.8199462890625,0.0,
1999-11-30,1820.02001953125,1820.02001953125,1820.4000244140625,1790.7099609375,1798.8199462890625,0.0,
1999-12-31,1835.5699462890625,1835.5699462890625,1836.969970703125,1802.2099609375,1802.6400146484375,0.0,
2000-01-31,1822.550048828125,1822.550048828125,1832.6400146484375,1817.4300537109375,1830.3599853515625,0.0,
2000-02-29,1806.6800537109375,1806.6800537109375,1813.68994140625,1799.72998046875,1799.72998046875,0.0,
2000-03-31,1663.0699462890625,1663.0699462890625,1664.3499755859375,1654.9100341796875,1655.739990234375,0.0,
2000-04-30,1626.7099609375,1626.7099609375,1630.969970703125,1621.8900146484375,1626.6600341796875,0.0,
2000-05-31,1461.68994140625,1461.68994140625,1471.260009765625,1460.06005859375,1460.780029296875,0.0,
2000-06-30,1486.7900390625,1486.7900390625,1486.7900390625,1472.6400146484375,1479.8199462890625,0.0,
2000-07-31,1355.800048828125,1355.800048828125,1360.4300537109375,1351.5400390625,1357.2099609375,0.0,
2000-08-31,1436.9200439453125,1436.9200439453125,1446.5400390625,1435.3299560546875,1435.489990234375,0.0,
2000-09-30,1355.56005859375,1355.56005859375,1357.3199462890625,1338.97998046875,1342.0799560546875,0.0,
2000-10-31,1269.77001953125,1269.77001953125,1271.52001953125,1256.280029296875,1256.280029296875,0.0,
2000-11-30,1199.699951171875,1199.699951171875,1205.43994140625,1192.8399658203125,1205.43994140625,0.0,
2000-12-31,1208.4100341796875,1208.4100341796875,1209.8699951171875,1193.4100341796875,1194.530029296875,0.0,
2001-01-31,1280.6400146484375,1280.6400146484375,1280.6400146484375,1270.4200439453125,1271.43994140625,0.0,
2001-02-28,1291.18994140625,1291.18994140625,1293.6800537109375,1287.6600341796875,1289.9000244140625,0.0,
2001-03-31,1271.9200439453125,1271.9200439453125,1277.81005859375,1270.3199462890625,1275.8699951171875,0.0,
2001-04-30,1196.9200439453125,1196.9200439453125,1199.0699462890625,1194.2099609375,1194.2900390625,0.0,
2001-05-31,1311.5799560546875,1311.5799560546875,1315.469970703125,1306.949951171875,1315.469970703125,0.0,
2001-06-30,1347.0,1347.0,1347.3499755859375,1341.510009765625,1341.510009765625,0.0,
2001-07-31,1331.6800537109375,1331.6800537109375,1331.97998046875,1320.6500244140625,1322.52001953125,0.0,
2001-08-31,1334.7099609375,1334.7099609375,1341.81005859375,1333.1700439453125,1338.6300048828125,0.0,
2001-09-30,1217.949951171875,1217.949951171875,1221.199951171875,1212.9100341796875,1212.9100341796875,0.0,
2001-10-31,1139.3299560546875,1139.3299560546875,1149.300048828125,1132.199951171875,1145.93994140625,0.0,
2001-11-30,1167.4599609375,1167.4599609375,1173.68994140625,1167.4599609375,1171.9200439453125,0.0,
2001-12-31,1176.449951171875,1176.449951171875,1177.0400390625,1162.93994140625,1162.93994140625,0.0,
2002-01-31,1274.280029296875,1274.280029296875,1278.0,1267.5400390625,1267.5799560546875,0.0,
2002-02-28,1285.52001953125,1285.52001953125,1295.3499755859375,1285.52001953125,1285.68994140625,0.0,
2002-03-31,1299.760009765625,1299.760009765625,1306.8199462890625,1299.0799560546875,1305.8399658203125,0.0,
2002-04-30,1258.3499755859375,1258.3499755859375,1259.3900146484375,1252.989990234375,1258.4200439453125,0.0,
2002-05-31,1240.5899658203125,1240.5899658203125,1244.800048828125,1239.1400146484375,1239.8499755859375,0.0,
2002-06-30,1134.9300537109375,1134.9300537109375,1141.22998046875,1133.050048828125,1137.3199462890625,0.0,
2002-07-31,1169.550048828125,1169.550048828125,1196.6099853515625,1169.050048828125,1180.6500244140625,0.0,
2002-08-31,1195.3699951171875,1195.3699951171875,1199.1800537109375,1190.3199462890625,1190.3199462890625,0.0,
2002-09-30,1150.0699462890625,1150.0699462890625,1154.25,1141.52001953125,1150.2900390625,0.0,
2002-10-31,1232.9200439453125,1232.9200439453125,1232.9200439453125,1212.6199951171875,1214.8499755859375,0.0,
2002-11-30,1373.030029296875,1373.030029296875,1373.1600341796875,1354.4000244140625,1363.1600341796875,0.0,
2002-12-31,1391.969970703125,1391.969970703125,1396.1300048828125,1387.510009765625,1394.510009765625,0.0,
2003-01-31,1517.4000244140625,1517.4000244140625,1529.969970703125,1515.6199951171875,1529.969970703125,0.0,
2003-02-28,1556.31005859375,1556.31005859375,1556.8900146484375,1541.8900146484375,1542.1400146484375,0.0,
2003-03-31,1558.9000244140625,1558.9000244140625,1558.9300537109375,1549.7099609375,1550.93994140625,0.0,
2003-04-30,1768.56005859375,1768.56005859375,1773.010009765625,1760.9599609375,1768.8599853515625,0.0,
2003-05-31,1808.3399658203125,1808.3399658203125,1812.280029296875,1805.3900146484375,1807.3399658203125,0.0,
2003-06-30,1824.8800048828125,1824.8800048828125,1826.449951171875,1819.3299560546875,1825.4200439453125,0.0,
2003-07-31,1850.1700439453125,1850.1700439453125,1852.22998046875,1841.760009765625,1849.27001953125,0.0,
2003-08-31,1896.8199462890625,1896.8199462890625,1896.8199462890625,1884.5999755859375,1888.280029296875,0.0,
2003-09-30,1980.8299560546875,1980.8299560546875,1987.8399658203125,1977.6800537109375,1987.2900390625,0.0,
2003-10-31,2109.179931640625,2109.179931640625,2130.590087890625,2109.179931640625,2119.9599609375,0.0,
2003-11-30,2151.179931640625,2151.179931640625,2151.300048828125,2142.89990234375,2148.429931640625,0.0,
2003-12-31,2435.0400390625,2435.0400390625,2466.510009765625,2435.0400390625,2452.409912109375,0.0,
2004-01-31,2730.0,2730.0,2733.510009765625,2705.639892578125,2719.60009765625,0.0,
2004-02-29,2748.110107421875,2748.110107421875,2748.110107421875,2735.659912109375,2739.489990234375,0.0,
2004-03-31,3035.719970703125,3035.719970703125,3035.719970703125,2986.090087890625,2986.610107421875,0.0,
2004-04-30,2827.340087890625,2827.340087890625,2844.31005859375,2827.340087890625,2841.419921875,0.0,
2004-05-31,2914.510009765625,2914.510009765625,2922.60009765625,2906.050048828125,2906.969970703125,0.0,
2004-06-30,2885.89990234375,2885.89990234375,2889.39990234375,2880.260009765625,2880.260009765625,0.0,
2004-07-31,2825.449951171875,2825.449951171875,2826.06005859375,2762.860107421875,2764.60009765625,0.0,
2004-08-31,2850.679931640625,2850.679931640625,2864.260009765625,2847.64990234375,2851.25,0.0,
2004-09-30,3278.800048828125,3278.800048828125,3294.389892578125,3222.610107421875,3222.68994140625,0.0,
2004-10-31,3545.3701171875,3545.3701171875,3554.110107421875,3509.300048828125,3509.300048828125,0.0,
2004-11-30,3616.719970703125,3616.719970703125,3641.010009765625,3610.72998046875,3637.5400390625,0.0,
2004-12-31,3710.389892578125,3710.389892578125,3713.239990234375,3646.780029296875,3647.590087890625,0.0,
2005-01-31,3882.89990234375,3882.89990234375,3896.159912109375,3882.89990234375,3887.64990234375,0.0,
2005-02-28,4078.260009765625,4078.260009765625,4087.10009765625,4051.429931640625,4051.429931640625,0.0,
2005-03-31,4159.85009765625,4159.85009765625,4173.509765625,4154.18994140625,4155.97021484375,0.0,
2005-04-30,3986.2900390625,3986.2900390625,4000.909912109375,3978.3701171875,3993.639892578125,0.0,
2005-05-31,3925.340087890625,3925.340087890625,3935.159912109375,3902.510009765625,3906.419921875,0.0,
2005-06-30,4038.070068359375,4038.070068359375,4051.219970703125,4026.669921875,4042.780029296875,0.0,
2005-07-31,4210.830078125,4210.830078125,4213.4599609375,4196.25,4204.93017578125,0.0,
2005-08-31,4611.759765625,4611.759765625,4612.22998046875,4584.7001953125,4589.4501953125,0.0,
2005-09-30,5070.830078125,5070.830078125,5070.85986328125,5036.240234375,5036.240234375,0.0,
2005-10-31,4764.35009765625,4764.35009765625,4785.8701171875,4738.4501953125,4785.8701171875,0.0,
2005-11-30,5034.2998046875,5034.2998046875,5061.97021484375,5031.08984375,5050.91015625,0.0,
2005-12-31,4802.25,4802.25,4838.8798828125,4799.5,4823.39013671875,0.0,
2006-01-31,5633.509765625,5633.509765625,5792.68017578125,5498.56982421875,5673.5,0.0,
2006-02-28,6080.68017578125,6080.68017578125,6122.22021484375,6076.509765625,6107.3701171875,0.0,
2006-03-31,5920.5,5920.5,5958.81982421875,5913.5400390625,5950.52001953125,0.0,
2006-04-30,7142.919921875,7142.919921875,7157.06005859375,6970.06982421875,6970.06982421875,0.0,
2006-05-31,7211.669921875,7211.669921875,7318.35009765625,7211.669921875,7306.89013671875,0.0,
2006-06-30,8155.7998046875,8155.7998046875,8159.2099609375,7923.64990234375,7926.490234375,0.0,
2006-07-31,8973.6904296875,8973.6904296875,9003.599609375,8829.830078125,8829.830078125,0.0,
2006-08-31,10011.9501953125,10011.9501953125,10021.400390625,9847.599609375,9847.599609375,0.0,
2006-09-30,10390.33984375,10390.33984375,10427.7900390625,10329.6396484375,10348.2998046875,0.0,
2006-10-31,10694.5400390625,10694.5400390625,10732.9697265625,10621.419921875,10725.400390625,0.0,
2006-11-30,11482.41015625,11482.41015625,11485.9404296875,11398.0595703125,11398.0595703125,0.0,
2006-12-31,12884.2001953125,12884.2001953125,12915.7099609375,12848.0703125,12891.599609375,0.0,
2007-01-31,13633.7802734375,13633.7802734375,13635.7900390625,13567.080078125,13567.080078125,0.0,
2007-02-28,15150.740234375,15150.740234375,15271.919921875,15082.0498046875,15271.919921875,0.0,
2007-03-31,17157.05078125,17157.05078125,17304.7890625,17013.369140625,17013.91015625,0.0,
2007-04-30,20674.779296875,20674.779296875,20829.1796875,20637.490234375,20786.189453125,0.0,
2007-05-31,20129.5,20129.5,20133.490234375,18549.16015625,18549.16015625,0.0,
2007-06-30,22365.900390625,22365.900390625,22374.1796875,22187.73046875,22191.2890625,0.0,
2007-07-31,23418.169921875,23418.169921875,23481.310546875,23154.869140625,23154.869140625,0.0,
2007-08-31,20846.259765625,20846.259765625,20861.3203125,20550.19921875,20550.19921875,0.0,
2007-09-30,21823.439453125,21823.439453125,22022.529296875,21760.970703125,21944.650390625,0.0,
2007-10-31,21696.26953125,21696.26953125,21906.7890625,21684.55078125,21780.349609375,0.0,
2007-11-30,18255.970703125,18255.970703125,18425.990234375,17951.599609375,17951.599609375,0.0,
2007-12-31,17524.7890625,17524.7890625,17572.1796875,17420.689453125,17552.5390625,0.0,
2008-01-31,15009.98046875,15009.98046875,15009.98046875,14457.66015625,14548.3203125,0.0,
2008-02-29,17766.939453125,17766.939453125,18052.5390625,17741.580078125,18050.259765625,0.0,
2008-03-31,17387.470703125,17387.470703125,17437.25,17350.029296875,17406.669921875,0.0,
2008-04-30,17429.939453125,17429.939453125,17472.880859375,17359.169921875,17445.640625,0.0,
2008-05-31,17130.7890625,17130.7890625,17222.51953125,16894.060546875,16917.810546875,0.0,
2008-06-30,16293.9697265625,16293.9697265625,16351.0,16239.0703125,16343.099609375,0.0,
2008-07-31,13765.4501953125,13765.4501953125,13774.3798828125,13367.3203125,13396.9697265625,0.0,
2008-08-31,13287.419921875,13287.419921875,13287.419921875,13210.8701171875,13269.7802734375,0.0,
2008-09-30,11248.419921875,11248.419921875,11279.4501953125,11126.900390625,11126.900390625,0.0,
2008-10-31,7055.0400390625,7055.0400390625,7082.0400390625,6773.02001953125,6826.56982421875,0.0,
2008-11-30,7405.5,7405.5,7431.0,7353.6201171875,7416.6201171875,0.0,
2008-12-31,7048.669921875,7048.669921875,7051.27001953125,6998.9501953125,7016.4501953125,0.0,
2009-01-31,6905.39013671875,6905.39013671875,6998.25,6898.580078125,6973.31005859375,0.0,
2009-02-28,6671.72021484375,6671.72021484375,6726.759765625,6639.41015625,6719.60009765625,0.0,
2009-03-31,9237.650390625,9237.650390625,9244.4296875,8887.349609375,8887.349609375,0.0,
2009-04-30,9979.1904296875,9979.1904296875,10233.0,9965.1904296875,10110.1796875,0.0,
2009-05-31,13392.26953125,13392.26953125,13392.26953125,12952.740234375,12952.740234375,0.0,
2009-06-30,13059.7001953125,13059.7001953125,13200.7099609375,13035.33984375,13186.8203125,0.0,
2009-07-31,14092.01953125,14092.01953125,14109.51953125,13869.1396484375,13893.4501953125,0.0,
2009-08-31,13955.3798828125,13955.3798828125,14151.849609375,13926.76953125,14151.849609375,0.0,
2009-09-30,15144.2001953125,15144.2001953125,15188.259765625,15034.66015625,15034.66015625,0.0,
2009-10-31,14213.5400390625,14213.5400390625,14805.900390625,14130.01953125,14770.669921875,0.0,
2009-11-30,14129.0,14129.0,14668.4697265625,14129.0,14634.0703125,0.0,
2009-12-31,14167.2001953125,14167.2001953125,14179.3603515625,14018.91015625,14018.98046875,0.0,
2010-01-31,14440.0498046875,14440.0498046875,14612.150390625,14433.0498046875,14504.0400390625,0.0,
2010-02-28,14002.3203125,14002.3203125,14068.330078125,13959.6396484375,13985.9697265625,0.0,
2010-03-31,15129.0,15129.0,15192.3603515625,15128.6201171875,15138.2001953125,0.0,
2010-04-30,15842.259765625,15842.259765625,16010.7900390625,15842.259765625,15912.5302734375,0.0,
2010-05-31,14504.1396484375,14504.1396484375,14662.76953125,14488.740234375,14641.009765625,0.0,
2010-06-30,13985.009765625,13985.009765625,14165.400390625,13946.25,14165.400390625,0.0,
2010-07-31,14275.3798828125,14275.3798828125,14275.73046875,14179.4296875,14179.4296875,0.0,
2010-08-31,15153.330078125,15153.330078125,15200.7001953125,15111.169921875,15111.169921875,0.0,
2010-09-30,17867.359375,17867.359375,17875.560546875,17608.19921875,17724.0703125,0.0,
2010-10-31,19220.9296875,19220.9296875,19222.970703125,18990.990234375,18993.419921875,0.0,
2010-11-30,20854.5,20854.5,20959.5,20801.48046875,20801.48046875,0.0,
2010-12-31,23374.5703125,23374.5703125,23382.33984375,23244.94921875,23251.189453125,0.0,
2011-01-31,22887.41015625,22887.41015625,22894.119140625,22542.880859375,22542.880859375,0.0,
2011-02-28,22842.9609375,22842.9609375,22864.390625,22736.779296875,22764.119140625,0.0,
2011-03-31,21957.490234375,21957.490234375,21973.740234375,21804.08984375,21812.529296875,0.0,
2011-04-30,19636.220703125,19636.220703125,19776.98046875,18949.2890625,18967.640625,0.0,
2011-05-31,22375.30078125,22375.30078125,22701.509765625,22375.150390625,22613.7890625,0.0,
2011-06-30,18878.779296875,18878.779296875,18966.380859375,18727.30078125,18727.30078125,0.0,
2011-07-31,21963.099609375,21963.099609375,22308.609375,21824.2890625,22302.060546875,0.0,
2011-08-31,20697.109375,20697.109375,20707.8203125,19999.970703125,19999.970703125,0.0,
2011-09-30,18329.099609375,18329.099609375,18448.390625,18267.19921875,18441.66015625,0.0,
2011-10-31,19629.630859375,19629.630859375,20053.689453125,19550.9609375,20053.689453125,0.0,
2011-11-30,19911.8203125,19911.8203125,19987.58984375,19238.58984375,19238.58984375,0.0,
2011-12-31,19473.310546875,19473.310546875,19482.029296875,19380.380859375,19385.189453125,0.0,
2012-01-31,21948.0703125,21948.0703125,22107.23046875,21828.580078125,21849.740234375,0.0,
2012-02-29,22728.75,22728.75,22938.509765625,22676.91015625,22897.26953125,0.0,
2012-03-31,23612.01953125,23612.01953125,23660.029296875,23335.740234375,23349.25,0.0,
2012-04-30,22677.9296875,22677.9296875,22913.98046875,22656.919921875,22913.98046875,0.0,
2012-05-31,20997.560546875,20997.560546875,21297.58984375,20884.900390625,20884.900390625,0.0,
2012-06-30,20207.16015625,20207.16015625,20331.69921875,20164.8203125,20331.69921875,0.0,
2012-07-31,19652.66015625,19652.66015625,19691.419921875,19505.2109375,19691.419921875,0.0,
2012-08-31,20311.66015625,20311.66015625,20359.580078125,20167.130859375,20209.23046875,0.0,
2012-09-30,21674.7890625,21674.7890625,21761.939453125,21633.419921875,21736.0703125,0.0,
2012-10-31,20789.41015625,20789.41015625,21034.810546875,20781.76953125,20948.150390625,0.0,
2012-11-30,20044.619140625,20044.619140625,20169.849609375,19932.890625,20169.849609375,0.0,
2012-12-31,20629.349609375,20629.349609375,20629.349609375,20548.1796875,20548.1796875,0.0,
2013-01-31,21435.2890625,21435.2890625,21461.400390625,21305.76953125,21305.859375,0.0,
2013-02-28,20611.6796875,20611.6796875,20650.9296875,20523.470703125,20635.669921875,0.0,
2013-03-31,19858.94921875,19858.94921875,19934.380859375,19739.900390625,19762.849609375,0.0,
2013-04-30,17352.919921875,17352.919921875,17885.83984375,17342.470703125,17839.640625,0.0,
2013-05-31,16049.650390625,16049.650390625,16189.0498046875,15913.7900390625,16097.5400390625,0.0,
2013-06-30,15549.5498046875,15549.5498046875,15579.259765625,15137.7099609375,15168.8798828125,0.0,
2013-07-31,15118.4599609375,15118.4599609375,15157.0302734375,15037.5,15144.5498046875,0.0,
2013-08-31,16652.220703125,16652.220703125,16652.220703125,16427.25,16520.5390625,0.0,
2013-09-30,15919.7099609375,15919.7099609375,15994.3603515625,15885.419921875,15946.5400390625,0.0,
2013-10-31,16322.009765625,16322.009765625,16435.1796875,16261.419921875,16332.0703125,0.0,
2013-11-30,15200.400390625,15200.400390625,15224.51953125,15165.1904296875,15173.4404296875,0.0,
2013-12-31,15753.650390625,15753.650390625,15770.650390625,15640.4697265625,15640.4697265625,0.0,
2014-01-31,15452.0498046875,15452.0498046875,15551.990234375,15414.3701171875,15551.990234375,0.0,
2014-02-28,15441.259765625,15441.259765625,15514.75,15292.849609375,15316.3603515625,0.0,
2014-03-31,14298.919921875,14298.919921875,14323.900390625,14248.8798828125,14272.150390625,0.0,
2014-04-30,15528.3798828125,15528.3798828125,15552.900390625,15252.83984375,15252.83984375,0.0,
2014-05-31,15753.25,15753.25,15811.3203125,15600.2001953125,15686.1201171875,0.0,
2014-06-30,16662.279296875,16662.279296875,16690.76953125,16497.669921875,16507.580078125,0.0,
2014-07-31,16866.0703125,16866.0703125,16913.890625,16795.7890625,16882.830078125,0.0,
2014-08-31,17010.8203125,17010.8203125,17062.16015625,16954.05078125,17029.98046875,0.0,
2014-09-30,16226.6103515625,16226.6103515625,16566.76953125,16162.099609375,16566.76953125,0.0,
2014-10-31,15673.23046875,15673.23046875,15858.5,15648.16015625,15854.48046875,0.0,15673.23
2014-11-30,15106.4599609375,15106.4599609375,15255.400390625,15076.1298828125,15255.400390625,0.0,15106.46
2014-12-31,14794.3203125,14794.3203125,14830.9296875,14705.2197265625,14725.2998046875,0.0,14794.32
2015-01-31,13669.7802734375,13669.7802734375,13685.8603515625,13460.759765625,13460.759765625,0.0,13669.78
2015-02-28,13397.419921875,13397.419921875,13462.3095703125,13348.48046875,13351.1298828125,0.0,13397.42
2015-03-31,12461.8095703125,12461.8095703125,12473.48046875,12391.0400390625,12405.580078125,0.0,12461.81
2015-04-30,13366.8603515625,13366.8603515625,13386.76953125,13232.91015625,13239.8203125,0.0,13366.86
2015-05-31,13180.6103515625,13180.6103515625,13199.8798828125,13070.3798828125,13184.5498046875,0.0,13180.61
2015-06-30,13113.169921875,13113.169921875,13327.1396484375,13090.5400390625,13327.1396484375,0.0,13113.17
2015-07-31,11987.8798828125,11987.8798828125,12024.740234375,11941.1103515625,11970.1396484375,0.0,11987.88
2015-08-31,10340.490234375,10340.490234375,10516.4296875,10298.1396484375,10516.4296875,0.0,10340.49
2015-09-30,10030.5703125,10030.5703125,10030.58984375,9876.7900390625,9885.6298828125,0.0,10030.57
2015-10-31,10545.6103515625,10545.6103515625,10614.01953125,10530.3203125,10596.490234375,0.0,10545.61
2015-11-30,10226.1796875,10226.1796875,10263.650390625,10190.51953125,10235.16015625,0.0,10226.18
2015-12-31,9848.58984375,9848.58984375,9848.58984375,9803.5302734375,9825.150390625,0.0,9848.59
2016-01-31,9391.83984375,9391.83984375,9398.3095703125,9307.6201171875,9307.9697265625,0.0,9391.84
2016-02-29,10742.1904296875,10742.1904296875,10755.58984375,10672.0302734375,10706.599609375,0.0,10742.19
2016-03-31,12057.9296875,12057.9296875,12076.0,11649.0703125,12075.3701171875,0.0,12057.93
2016-04-30,13703.6904296875,13703.6904296875,13704.5302734375,13501.5302734375,13501.5595703125,0.0,13702.47
2016-05-31,13529.7001953125,13529.7001953125,13631.580078125,13512.9599609375,13601.0400390625,0.0,13535.97
2016-06-30,13856.8798828125,13856.8798828125,13859.41015625,13469.25,13469.25,0.0,13856.9
2016-07-31,15210.9697265625,15210.9697265625,15213.8203125,14908.7197265625,14911.73046875,0.0,15210.97
2016-08-31,15130.240234375,15130.240234375,15450.490234375,15101.7998046875,15450.4501953125,0.0,15130.24
2016-09-30,15296.98046875,15296.98046875,15432.5595703125,15255.5595703125,15269.23046875,0.0,15296.98
2016-10-31,15170.2197265625,15170.2197265625,15183.5498046875,15079.7900390625,15083.3798828125,0.0,15171.04
2016-11-30,15415.0,15415.0,15451.16015625,15263.3896484375,15293.6396484375,0.0,15414.97
2016-12-31,15566.9599609375,15566.9599609375,15650.9599609375,15523.3095703125,15616.7001953125,0.0,15566.96
2017-01-31,15983.9501953125,15983.9501953125,16004.830078125,15915.2099609375,15942.080078125,0.0,15983.95
2017-02-28,15766.1201171875,15766.1201171875,15853.1904296875,15742.3603515625,15771.8701171875,0.0,15766.12
2017-03-31,15757.009765625,15757.009765625,15774.7099609375,15615.7802734375,15698.4501953125,0.0,15757.01
2017-04-30,15559.400390625,15559.400390625,15572.1298828125,15500.099609375,15500.099609375,0.0,15559.3
2017-05-31,16000.080078125,16000.080078125,16073.1103515625,15983.3095703125,16046.58984375,0.0,16000.08
2017-06-30,16132.8701171875,16132.8701171875,16133.009765625,16020.76953125,16038.3603515625,0.0,16132.87
2017-07-31,16750.169921875,16750.169921875,16861.0,16714.390625,16861.0,0.0,16750.17
2017-08-31,17616.439453125,17616.439453125,17622.390625,17521.220703125,17613.41015625,0.0,17616.44
2017-09-30,18538.26953125,18538.26953125,18574.359375,18440.580078125,18448.779296875,0.0,18538.27
2017-10-31,19874.119140625,19874.119140625,19882.650390625,19802.48046875,19857.669921875,0.0,19874.12
2017-11-30,19690.30078125,19690.30078125,19796.390625,19687.390625,19773.439453125,0.0,19694.09
2017-12-31,19974.380859375,19974.380859375,19981.5,19840.01953125,19842.5,0.0,19974.38
2018-01-31,21068.890625,21068.890625,21165.8203125,21034.2109375,21136.98046875,0.0,21068.89
2018-02-28,20831.779296875,20831.779296875,20874.080078125,20804.529296875,20821.0703125,0.0,20831.78
2018-03-31,20562.759765625,20562.759765625,20669.26953125,20532.279296875,20621.5703125,0.0,20558.84
2018-04-30,21431.16015625,21431.16015625,21500.140625,21382.2890625,21412.619140625,0.0,21428.86
2018-05-31,20842.169921875,20842.169921875,20881.849609375,20772.55078125,20796.5,0.0,20814.29
2018-06-30,19800.7890625,19800.7890625,19998.130859375,19795.94921875,19992.490234375,0.0,19800.26
2018-07-31,20482.609375,20482.609375,20516.6796875,20355.0703125,20408.7890625,0.0,20485.72
2018-08-31,19443.109375,19443.109375,20498.83984375,19416.439453125,19724.259765625,0.0,19443.11
2018-09-30,19564.0703125,19564.0703125,19629.189453125,19521.390625,19529.94921875,0.0,19564.07
2018-10-31,18909.400390625,18909.400390625,18909.400390625,18641.900390625,18646.890625,0.0,18909.4
2018-11-30,19180.970703125,19180.970703125,19329.369140625,19148.490234375,19309.6796875,0.0,19180.97
2018-12-31,19350.400390625,19350.400390625,19377.509765625,19186.26953125,19205.439453125,0.0,19350.4
2019-01-31,20185.390625,20185.390625,20249.029296875,20051.849609375,20071.109375,0.0,20190.87
2019-02-28,20616.009765625,20616.009765625,20656.01953125,20495.369140625,20558.669921875,0.0,20614.45
2019-03-31,21098.0703125,21098.0703125,21119.529296875,20968.240234375,20974.720703125,0.0,21098.07
2019-04-30,20897.58984375,20897.58984375,20946.609375,20772.029296875,20861.5703125,0.0,20896.5
2019-05-31,19922.76953125,19922.76953125,19962.759765625,19686.4296875,19821.240234375,0.0,19922.77
2019-06-30,20624.859375,20624.859375,20676.720703125,20507.73046875,20662.990234375,0.0,20622.79
2019-07-31,20075.369140625,20075.369140625,20258.240234375,20047.759765625,20221.099609375,0.0,19957.26
2019-08-31,19106.75,19106.75,19236.4296875,18531.2890625,19034.990234375,0.0,19106.75
2019-09-30,19602.7109375,19602.7109375,19818.400390625,19595.140625,19747.4296875,0.0,19602.71
2019-10-31,19904.869140625,19904.869140625,19960.76953125,19687.6796875,19687.6796875,0.0,19904.87
2019-11-30,20078.0,20078.0,20091.9609375,19966.390625,20040.80078125,0.0,20078.0
2019-12-31,20526.130859375,20526.130859375,20643.119140625,20485.25,20579.189453125,0.0,20526.13
2020-01-31,19834.900390625,19834.900390625,19948.30078125,19833.25,19924.439453125,0.0,19834.9
2020-02-29,18264.30078125,18264.30078125,18711.119140625,18149.83984375,18711.119140625,0.0,18264.3
2020-03-31,14463.9599609375,14463.9599609375,14582.5703125,13883.25,13883.25,0.0,14463.96
2020-04-30,14779.2802734375,14779.2802734375,15042.51953125,14748.8603515625,14933.3798828125,0.0,14779.28
2020-05-31,15580.849609375,15580.849609375,15776.5302734375,15561.2802734375,15772.9501953125,0.0,15580.85
2020-06-30,16878.0,16878.0,16940.119140625,16589.890625,16634.470703125,0.0,16878.0
2020-07-31,17512.529296875,17512.529296875,17688.1796875,17486.0703125,17614.33984375,0.0,17512.53
2020-08-31,18577.080078125,18577.080078125,18595.9296875,18382.689453125,18420.69921875,0.0,18576.89
2020-09-30,17948.779296875,17948.779296875,17973.859375,17830.650390625,17908.75,0.0,17948.78
2020-10-31,17472.19921875,17472.19921875,17686.689453125,17463.5703125,17676.919921875,0.0,17472.2
2020-11-30,19796.509765625,19796.509765625,19882.400390625,19584.91015625,19585.859375,0.0,19796.51
2020-12-31,20822.150390625,20822.150390625,20985.150390625,20784.890625,20985.150390625,0.0,20822.15
2021-01-31,21110.220703125,21110.220703125,21441.150390625,21033.5390625,21266.9296875,0.0,21110.22
2021-02-28,22530.419921875,22530.419921875,22891.990234375,22487.439453125,22891.0390625,0.0,22530.22
2021-03-31,21371.849609375,21371.849609375,21524.419921875,21371.640625,21461.849609375,0.0,21372.03
2021-04-30,19562.76953125,19562.76953125,19576.5390625,19296.33984375,19302.580078125,0.0,19562.77
2021-05-31,21015.9609375,21015.9609375,21064.4609375,19940.330078125,19940.330078125,0.0,21041.71
2021-06-30,18850.91015625,18850.91015625,18997.009765625,18563.939453125,18976.73046875,0.0,18850.91
2021-07-31,17677.830078125,17677.830078125,18812.890625,17551.25,18812.890625,0.0,17671.77
2021-08-31,17653.689453125,17653.689453125,17653.689453125,17391.05078125,17461.76953125,0.0,17653.54
2021-09-30,18279.2890625,18279.2890625,18597.609375,18240.060546875,18481.669921875,0.0,18279.15
2021-10-31,,,,,,,20737.77
2021-11-30,,,,,,,20416.43
2021-12-31,,,,,,,21111.73
2022-01-31,,,,,,,22943.81
2022-02-28,,,,,,,23749.03
2022-03-31,,,,,,,24915.5
2022-04-30,,,,,,,22818.9
2022-05-31,,,,,,,20719.04
2022-06-30,,,,,,,18388.82
2022-07-31,,,,,,,19293.66
2022-08-31,,,,,,,18853.05
2022-09-30,,,,,,,19448.06
2022-10-31,,,,,,,21095.21
2022-11-30,,,,,,,22455.13
2022-12-31,,,,,,,21330.33
2023-01-31,,,,,,,22416.72
2023-02-28,,,,,,,21576.25
2023-03-31,,,,,,,21898.03
2023-04-30,,,,,,,21779.92
2023-05-31,,,,,,,21135.09
2023-06-30,,,,,,,22329.75
2023-07-31,,,,,,,23509.38
2023-08-31,,,,,,,23133.53
2023-09-30,,,,,,,22528.4
2023-10-31,,,,,,,21817.42
2023-11-30,,,,,,,21934.44
2023-12-31,,,,,,,25960.01
2024-01-31,,,,,,,26934.02
2024-02-29,,,,,,,28231.83
2024-03-31,,,,,,,28366.99
2024-04-30,,,,,,,29184.35
2024-05-31,,,,,,,30220.4
2024-06-30,,,,,,,29895.87
2024-07-31,,,,,,,29537.12
2024-08-31,,,,,,,28441.73
2024-09-30,,,,,,,29942.23
2024-10-31,,,,,,,30470.47
2024-11-30,,,,,,,29485.3
